event_name,Date ,nbr_participants,note,price ,profit,Type,Username
"Braun, Lynch and Gorczany",11/28/2020,23,2,30,7839,Social,Alpha
"Schaefer, Bosco and Herman",1/15/2021,22,8,32,9885,Technical,Sub-Ex
"Gulgowski, Mertz and Bruen",11/7/2020,45,7,45,8899,Technical,Flexidy
Greenfelder and Sons,6/28/2020,43,2,37,4805,Others,Gembucket
"Langosh, Hansen and Wolff",5/9/2019,30,8,38,8152,Technical,Tres-Zap
Schiller LLC,6/6/2019,29,7,49,8415,Social,Fintone
Welch-Gorczany,7/5/2021,15,7,36,3646,Others,Zamit
Harber-Waelchi,1/14/2020,33,6,38,7823,Social,Tempsoft
Breitenberg-Quitzon,5/13/2020,49,7,35,8035,Social,Fintone
Stracke-Goldner,6/8/2021,44,9,50,8362,Others,It
Friesen LLC,10/24/2020,23,5,37,8562,Others,Temp
"Kohler, Conn and O'Conner",3/23/2021,16,7,43,5690,Others,Konklab
Lebsack Inc,2/4/2022,43,2,34,5732,Others,Zoolab
Mueller-Kautzer,6/7/2019,23,3,32,6757,Social,Vagram
"Watsica, Brekke and Dicki",6/15/2020,23,4,50,3644,Social,Tin
"Block, Yost and Huel",3/28/2022,24,6,49,5637,Others,Transcof
"Boyle, Emmerich and Brakus",6/24/2020,38,9,50,6068,Technical,Aerified
Homenick Group,10/15/2020,10,7,44,4647,Others,Viva
"Lubowitz, Casper and Ziemann",7/25/2021,37,3,37,3949,Others,Overhold
"Kunde, Vandervort and Orn",3/20/2020,32,10,36,5150,Social,Latlux
"Bins, Brakus and Towne",5/14/2019,44,10,38,7789,Social,Flowdesk
Douglas Inc,3/31/2021,49,9,31,6116,Others,Asoka
Terry LLC,11/10/2020,13,5,36,8226,Technical,Bitwolf
Ferry-Goodwin,12/20/2021,18,1,42,6201,Social,Trippledex
Towne LLC,11/19/2020,29,10,40,9622,Technical,Voyatouch
"Cronin, Fisher and Schuster",9/6/2021,43,6,45,8325,Others,Duobam
King-Bechtelar,1/27/2022,10,4,37,7693,Others,Gembucket
"Kuvalis, Mante and Reynolds",4/16/2020,50,7,38,3472,Technical,Zamit
"Wuckert, Kuvalis and Doyle",5/19/2021,28,3,32,4395,Technical,Veribet
Stracke-Deckow,5/1/2020,40,10,39,8486,Others,Voltsillam
Schmidt and Sons,11/5/2019,20,6,40,6116,Social,Zamit
O'Conner-Gusikowski,3/30/2020,20,5,44,8540,Technical,Stim
Hegmann-Waters,2/1/2021,14,1,35,8217,Technical,Otcom
Buckridge LLC,8/30/2020,18,3,50,5349,Technical,Transcof
"Little, Miller and D'Amore",10/6/2020,50,9,37,6967,Social,Tresom
Gleichner-Littel,8/18/2020,43,10,30,9196,Others,Zoolab
Kohler and Sons,5/9/2019,16,6,44,8702,Social,Holdlamis
"Daugherty, Johns and Bartoletti",10/30/2021,44,5,30,6343,Social,Veribet
"Batz, Morissette and Orn",2/25/2020,18,8,46,7139,Technical,Span
Krajcik Inc,6/23/2019,11,4,50,9343,Others,Fixflex
O'Kon Inc,11/30/2021,25,2,31,3444,Others,Zamit
Wunsch-Bins,12/30/2020,44,9,33,5222,Technical,Ventosanzap
Miller-Welch,4/12/2021,11,4,39,5373,Social,Job
"Kohler, Rippin and Heaney",1/26/2021,12,7,39,7124,Social,Cookley
"Raynor, Bauch and Hand",2/23/2020,30,5,50,3190,Social,Home Ing
Sipes and Sons,7/6/2020,47,5,35,4457,Social,Tin
"Gutkowski, Watsica and Yundt",10/4/2019,28,4,44,7338,Technical,Opela
Streich-Kunde,3/24/2022,14,10,43,3097,Technical,Voltsillam
Lindgren Group,2/3/2021,47,5,40,7818,Technical,Kanlam
"O'Connell, Adams and Emmerich",7/16/2021,14,9,50,7546,Technical,Greenlam
Bartell-Baumbach,10/17/2020,38,4,48,4240,Others,Alpha
Raynor LLC,6/17/2020,49,5,45,5507,Others,Fintone
Sipes and Sons,9/17/2021,35,9,34,7415,Others,Lotstring
Schaden-Ferry,12/29/2021,37,1,50,9300,Technical,Domainer
Hartmann Inc,3/12/2021,34,7,32,7639,Others,Namfix
Harvey-Veum,3/2/2021,46,10,35,8219,Technical,Regrant
Lang and Sons,10/23/2019,27,8,50,6034,Others,Bamity
Schumm-Fadel,4/25/2019,38,9,42,9272,Social,Home Ing
"Waters, Thompson and Wiza",1/28/2022,16,3,45,6303,Others,Stim
Beahan Inc,7/28/2019,18,4,46,9351,Others,Tempsoft
Altenwerth Inc,6/4/2021,39,6,48,6112,Others,Lotstring
"Collins, Emmerich and Brakus",6/29/2021,19,7,47,7858,Social,Konklab
"Crist, Kerluke and Beer",9/21/2021,31,8,44,7079,Others,Alpha
Towne-McClure,6/4/2019,27,3,34,5673,Others,Overhold
Morar-Skiles,8/10/2020,44,7,48,8226,Technical,Y-find
Ernser-Heathcote,12/9/2021,37,2,41,9707,Others,Latlux
"White, Jacobson and Douglas",5/25/2021,35,5,48,4206,Social,Prodder
Bergnaum-Predovic,8/3/2019,24,9,37,8859,Others,Bitwolf
Blick-Ritchie,9/7/2020,10,7,30,4498,Social,Vagram
"Bruen, Hamill and Bosco",1/26/2022,32,2,30,7254,Social,Stronghold
"Bernhard, Wehner and Smitham",10/16/2019,45,8,49,5109,Social,Tampflex
Lind LLC,7/8/2019,35,1,44,6924,Technical,Tin
Gerhold-Watsica,10/8/2021,27,9,37,4896,Others,Tresom
Effertz Group,10/3/2019,42,6,43,3071,Social,Holdlamis
Schmeler-Hills,7/28/2020,44,5,43,7996,Social,Quo Lux
"Nader, Kreiger and Heaney",8/21/2020,11,1,33,9451,Technical,Veribet
Gleichner and Sons,8/31/2019,28,1,49,9059,Social,Zathin
O'Kon Group,3/29/2020,30,1,47,3517,Technical,Zaam-Dox
"Fay, Mills and Bailey",9/11/2021,39,3,50,3596,Technical,Fix San
Hackett-O'Reilly,1/27/2020,50,8,30,9921,Technical,Lotstring
"Barrows, Schulist and Boehm",8/30/2019,24,2,37,7970,Social,Overhold
"O'Connell, Bogan and Lind",11/7/2021,38,3,31,5997,Technical,Quo Lux
Goldner-Purdy,10/22/2021,42,1,48,3758,Social,Tres-Zap
Stark-Predovic,6/27/2019,22,6,32,3923,Others,Flexidy
"Marquardt, O'Hara and Cronin",11/14/2021,50,3,48,5308,Technical,Biodex
"Keeling, Quigley and Hayes",6/5/2019,28,5,43,3590,Others,Treeflex
Heidenreich LLC,4/24/2020,13,9,47,4321,Others,Vagram
Murazik-Rohan,10/31/2019,25,2,42,5649,Social,Cardify
Kilback-Von,12/25/2021,46,7,33,9839,Social,Y-find
Lowe-Gutkowski,9/22/2020,50,2,41,8137,Others,Subin
Wuckert LLC,8/29/2020,28,5,46,6785,Others,Toughjoyfax
Durgan Inc,5/12/2020,50,7,37,9619,Social,Transcof
"Littel, Balistreri and Parisian",11/27/2020,50,1,33,9984,Others,Bitchip
"West, Lakin and Purdy",2/13/2022,39,2,43,8514,Others,Flowdesk
Turner and Sons,6/13/2021,44,9,49,7876,Others,Voltsillam
Gaylord-Ratke,6/20/2021,16,1,33,7164,Technical,Domainer
"Hansen, Batz and Mann",3/5/2021,21,6,47,4018,Technical,Ronstring
Hermiston Inc,9/1/2019,25,2,37,7404,Social,Latlux
Kuphal-Murphy,5/9/2019,50,6,35,6262,Technical,Mat Lam Tam
Stehr Inc,11/26/2019,50,5,31,7567,Social,Fixflex
Schuster LLC,9/30/2019,43,1,38,9349,Technical,Zaam-Dox
Volkman-Upton,5/30/2021,34,5,42,8474,Technical,Bitchip
Nienow LLC,4/21/2020,33,6,39,6497,Technical,Lotstring
"McCullough, Lesch and Pacocha",2/6/2020,22,10,41,6887,Others,Cardify
Parisian and Sons,5/2/2020,33,4,42,3985,Social,Alphazap
Fay LLC,4/23/2021,26,9,41,8357,Social,Quo Lux
Haag-Anderson,3/6/2022,17,4,48,3291,Others,Konklux
Cassin-Davis,10/23/2021,14,9,38,4466,Others,Voyatouch
Ryan Inc,5/5/2019,17,6,38,9947,Social,Viva
Hane-Weimann,12/26/2020,27,9,31,7343,Technical,Bamity
Feeney LLC,9/21/2021,37,10,34,5874,Technical,Alphazap
Lockman Inc,6/27/2020,14,5,31,5177,Technical,Y-find
Reilly and Sons,11/4/2021,40,7,35,3425,Others,Zoolab
Kemmer Group,8/17/2020,12,4,43,3992,Technical,Cookley
Paucek-Lowe,3/3/2022,24,6,49,3511,Social,Ronstring
"Tremblay, Larson and Hyatt",1/19/2022,48,8,43,7857,Technical,Tres-Zap
"Ortiz, Bashirian and Haag",7/18/2020,50,2,31,4777,Others,Otcom
Pagac-Mohr,6/27/2020,49,6,38,6448,Others,Lotstring
"Franecki, Littel and Lemke",9/19/2019,45,1,39,7363,Social,Temp
Stark-O'Kon,7/30/2021,34,2,33,3652,Social,Zaam-Dox
Leannon and Sons,2/21/2021,22,8,40,3200,Technical,Ronstring
Sanford Inc,6/4/2019,34,2,32,4964,Technical,Vagram
Wilderman Inc,9/21/2020,29,1,35,8672,Technical,It
"Flatley, Dibbert and Rath",12/15/2021,18,5,32,7162,Others,Bigtax
"Friesen, O'Reilly and Hauck",1/24/2022,29,2,34,3868,Social,Matsoft
Hills-Morissette,4/17/2020,21,10,44,5169,Others,Wrapsafe
Blanda Group,11/10/2020,18,9,31,7488,Technical,Stronghold
Dietrich and Sons,8/21/2020,31,5,31,4135,Others,Tampflex
"Spinka, Nader and Rempel",11/9/2021,41,9,35,6923,Others,Sonair
Jacobi LLC,6/7/2021,30,6,34,6858,Social,Hatity
Kuvalis-Bailey,7/9/2020,50,1,36,6079,Social,Tempsoft
Jacobi-Metz,5/4/2019,43,9,41,5253,Others,Cardguard
Larkin-Glover,9/16/2019,20,1,31,3233,Others,Fixflex
Kuhn-Reinger,4/26/2019,41,10,34,3964,Social,Subin
Lockman-Ruecker,4/17/2019,49,6,46,8200,Others,Sonsing
Doyle-McKenzie,4/28/2020,33,9,38,6457,Social,Alpha
"Fahey, Stark and Bartoletti",2/20/2021,25,2,39,8444,Social,Ronstring
Buckridge-Kerluke,12/3/2020,11,3,31,6858,Social,Viva
Parker Group,4/26/2020,21,7,40,8812,Social,Hatity
DuBuque Group,7/29/2019,26,4,40,9766,Others,Stringtough
"Langworth, Reichert and Gorczany",12/11/2020,32,1,50,8863,Technical,Lotstring
"Stanton, Cole and Wuckert",10/10/2020,24,3,31,5984,Technical,Bitwolf
Luettgen-Hessel,4/20/2019,37,8,48,4765,Others,Quo Lux
"Thiel, Considine and Lemke",10/12/2019,22,8,39,5194,Technical,Treeflex
"Windler, Wolff and Rolfson",3/27/2021,50,2,45,9028,Technical,Stronghold
"Welch, Pfeffer and Kihn",11/29/2020,33,2,31,6013,Social,Subin
Block LLC,1/24/2021,15,8,41,5226,Social,Veribet
Wisozk-Baumbach,1/7/2020,41,6,46,5598,Technical,Konklux
Cummerata LLC,2/9/2022,19,4,33,9183,Technical,Sonsing
"McCullough, Cronin and Kertzmann",1/25/2022,34,9,46,6535,Technical,Namfix
Mraz-Bergstrom,2/8/2022,37,6,48,9726,Technical,Redhold
"Walker, Crona and Veum",9/2/2020,30,1,47,6646,Technical,Matsoft
Hilll-Kassulke,3/30/2022,39,6,45,8282,Others,Cardguard
Stehr Group,8/6/2020,12,9,39,5665,Technical,Rank
Klein-Howe,11/14/2019,43,5,44,8921,Others,Wrapsafe
Stamm-Dicki,4/2/2021,14,5,40,7653,Others,Greenlam
Marvin-Krajcik,8/8/2019,50,9,46,5959,Technical,Fintone
Boyle-Thompson,11/22/2019,46,8,34,7826,Others,Mat Lam Tam
MacGyver-Dibbert,3/6/2022,29,10,41,5176,Others,Bamity
O'Reilly Group,12/24/2021,12,3,31,4359,Technical,Y-Solowarm
Gibson-Hane,3/2/2020,13,5,48,3218,Others,Bytecard
Adams-Kris,8/11/2019,45,4,40,7690,Technical,Fintone
Ankunding LLC,2/26/2020,34,4,30,3777,Social,Y-find
Hammes-Howe,10/1/2021,24,7,41,6040,Others,Ventosanzap
Ryan-Glover,8/2/2021,33,7,39,8470,Others,Biodex
"Hyatt, Littel and Kiehn",6/27/2020,16,2,48,5165,Social,Namfix
Powlowski LLC,8/18/2019,43,10,30,3814,Others,Domainer
"Russel, Harber and Heller",3/16/2021,33,8,46,7999,Social,Bigtax
Connelly Inc,3/9/2022,46,9,46,8941,Technical,Bitwolf
Lynch Inc,11/26/2019,30,5,42,4494,Social,Cardify
"Toy, Renner and Leannon",9/15/2021,28,5,31,3588,Technical,Otcom
Rohan and Sons,3/24/2022,27,4,33,6744,Social,Lotlux
"Ruecker, Stark and Ortiz",10/30/2019,24,3,47,6121,Social,Flowdesk
Lehner-Durgan,6/10/2020,17,3,41,9483,Social,Opela
"Daniel, Jakubowski and Wolff",8/21/2019,20,5,34,7466,Technical,Redhold
Halvorson Group,9/24/2021,25,8,50,6985,Others,Ventosanzap
Beatty-Bayer,6/27/2019,49,4,35,4230,Social,Regrant
Wisozk-Stroman,2/17/2022,23,6,45,9152,Social,Pannier
Mitchell Inc,1/10/2021,40,7,48,9101,Social,Cardify
Macejkovic-Quigley,8/22/2020,20,9,47,6356,Others,Tres-Zap
McDermott-Mitchell,8/30/2021,49,5,38,4814,Technical,Aerified
"Lueilwitz, Greenholt and Kessler",3/9/2021,27,10,45,8719,Technical,Transcof
Feest LLC,2/25/2022,38,10,41,6611,Technical,Ventosanzap
Schoen and Sons,3/18/2021,33,2,43,4627,Others,Alpha
Schmidt-Haag,1/2/2020,42,2,46,6093,Technical,Holdlamis
Hermann Group,6/19/2020,49,3,40,5586,Social,Stringtough
"Hettinger, Dicki and Kutch",6/21/2021,32,5,33,5072,Others,Sub-Ex
Marvin-Considine,12/25/2019,50,2,47,7705,Others,Flowdesk
Hansen-Boehm,1/25/2020,27,8,36,4645,Others,Cardguard
Greenfelder-Okuneva,12/20/2020,24,10,36,7738,Social,Konklab
Boyle Inc,5/30/2021,20,5,36,6391,Technical,Zathin
Corkery-Kshlerin,2/28/2020,12,3,41,6981,Others,Ronstring
Luettgen-Hintz,1/5/2021,38,4,49,7879,Technical,Y-find
"Davis, Lesch and Homenick",8/11/2019,35,7,41,5327,Technical,Job
Cormier and Sons,6/3/2020,15,7,45,5540,Technical,Zoolab
Abernathy Inc,9/5/2021,35,6,41,5413,Technical,Lotlux
Parisian-Farrell,6/25/2021,42,9,44,5040,Others,Bamity
Beatty-Pouros,1/5/2020,47,9,32,9139,Others,Mat Lam Tam
Funk-Gleichner,5/4/2021,46,1,34,3322,Others,Asoka
Bradtke and Sons,8/22/2020,40,7,46,9746,Technical,Bigtax
Bartoletti LLC,11/19/2019,13,8,34,8776,Social,Quo Lux
"Hamill, Dickens and Lindgren",6/21/2020,39,5,40,7753,Social,Quo Lux
Armstrong Inc,1/11/2022,24,4,44,5223,Technical,Zamit
"Cormier, DuBuque and Hand",12/5/2021,32,3,30,7620,Social,Konklux
Lemke-Lakin,1/13/2021,24,7,45,5176,Social,Fintone
"Kuhlman, Jast and Morissette",9/20/2020,29,1,39,7748,Others,Domainer
"Mayer, Toy and Wisoky",8/9/2021,44,3,41,4721,Others,Lotstring
Brown LLC,10/1/2019,13,7,35,6992,Others,Trippledex
Graham Inc,10/24/2021,49,9,30,9484,Others,Kanlam
Purdy and Sons,5/18/2019,25,2,45,5103,Social,Duobam
Hills Group,11/27/2021,34,4,33,8852,Others,Sub-Ex
Nitzsche-Muller,4/28/2020,50,6,32,8388,Others,Zoolab
Leannon-Hodkiewicz,3/4/2020,11,8,39,7409,Social,Keylex
Ondricka LLC,11/29/2021,42,2,41,3515,Others,Transcof
"Quigley, Carter and Weimann",11/13/2019,39,2,39,9037,Social,Zamit
Huels-Mann,9/1/2020,40,4,38,8150,Others,Cookley
Hudson and Sons,9/26/2019,37,9,49,4465,Others,Subin
"Stokes, Rutherford and Bailey",6/22/2020,11,1,31,5839,Social,Y-Solowarm
McDermott-Nicolas,4/21/2020,31,5,33,7523,Technical,Rank
Ondricka-Koss,7/26/2019,11,3,36,8357,Technical,Kanlam
Kuhlman LLC,1/21/2021,31,3,30,8358,Technical,Hatity
Hermann LLC,6/29/2021,44,3,41,5532,Technical,Bigtax
"Ledner, Balistreri and Runolfsson",12/3/2020,16,4,43,8371,Social,Opela
Gislason Group,1/14/2021,41,1,42,4465,Technical,Lotlux
"Crona, McDermott and Monahan",4/6/2019,47,3,37,8809,Technical,Fixflex
Morar-Dietrich,4/6/2020,43,1,48,6845,Social,Tresom
Marquardt-Wilkinson,6/28/2020,20,6,39,9459,Others,Cardify
"Kohler, Treutel and Gaylord",1/9/2020,16,8,48,9064,Technical,Zontrax
Sawayn Inc,6/16/2019,29,10,34,5955,Social,Rank
Marquardt-Ondricka,10/17/2019,26,8,47,5645,Social,Sonsing
"Kautzer, Murazik and Daugherty",12/22/2019,31,2,37,8775,Social,Zoolab
"Klocko, Greenholt and Crooks",1/13/2022,43,6,37,5727,Others,Keylex
Christiansen Group,10/25/2021,45,9,33,7282,Social,Sub-Ex
Kunde LLC,5/5/2020,20,2,37,7217,Social,Gembucket
"Konopelski, Sporer and Daugherty",12/31/2019,16,4,42,8043,Social,Bitchip
Jaskolski-Wolff,12/26/2020,20,8,42,7898,Others,Daltfresh
Gerhold-Frami,5/12/2019,14,7,40,4716,Others,Cardify
Bayer and Sons,6/10/2019,11,1,49,4913,Social,Viva
"Daniel, Simonis and Dach",10/6/2021,17,4,39,3966,Technical,Opela
Goyette LLC,10/23/2021,36,8,35,7477,Others,Flowdesk
Jacobi LLC,7/5/2020,10,6,46,5253,Social,Zoolab
"Wolf, Hayes and Legros",6/6/2020,12,5,38,5198,Others,Trippledex
Simonis LLC,4/11/2019,34,8,41,6663,Technical,Job
"Bartell, Stark and Heidenreich",4/6/2020,41,3,45,4442,Technical,Konklux
"Auer, Streich and Morissette",2/21/2021,16,5,43,7848,Others,Fintone
"Braun, Fahey and Kozey",9/12/2021,21,9,46,6080,Others,Bigtax
Jacobs-Muller,11/17/2019,29,4,39,9228,Social,Cardify
Bernier Group,4/17/2019,43,4,33,6755,Others,Flowdesk
"Abernathy, Cormier and Heller",1/23/2022,46,10,37,3895,Others,Zamit
"Padberg, Koepp and Hagenes",4/20/2021,28,4,38,7070,Social,Domainer
Leffler Inc,1/15/2022,21,9,38,8461,Social,Bytecard
"Tremblay, Kessler and Hahn",9/7/2019,24,5,38,6602,Technical,Pannier
Rutherford-Jacobson,10/27/2020,13,5,34,8757,Social,Job
Schroeder-Purdy,4/10/2019,48,3,43,4600,Technical,Job
"Altenwerth, Shields and Borer",2/2/2022,35,1,47,9733,Technical,Fix San
"Stoltenberg, Oberbrunner and Effertz",4/18/2020,37,5,41,8809,Technical,Kanlam
Kemmer Inc,11/11/2021,40,2,34,7011,Social,Kanlam
Green Inc,6/9/2019,42,6,45,3728,Others,Tresom
"Nikolaus, Hintz and Donnelly",9/30/2020,39,4,36,3323,Others,Wrapsafe
"Becker, Ruecker and Hegmann",8/22/2021,11,7,42,8544,Technical,Bigtax
Stiedemann-Schuppe,11/24/2020,46,3,34,6191,Others,Stringtough
Okuneva and Sons,12/25/2020,26,6,39,5659,Social,Sonair
Ernser Inc,12/2/2021,44,8,40,7617,Others,Span
Jast and Sons,6/5/2019,21,1,31,3401,Technical,Zathin
Flatley and Sons,11/5/2021,17,9,46,6320,Others,Bytecard
Goodwin Group,6/8/2021,11,2,41,4250,Others,Sub-Ex
Lockman-Stracke,4/24/2021,24,4,35,6290,Others,Temp
Roberts and Sons,6/1/2019,30,10,34,7127,Technical,Voyatouch
Bins and Sons,1/18/2021,19,4,50,8071,Social,Tempsoft
Leannon Group,1/28/2020,26,5,37,9085,Social,Trippledex
Carter LLC,7/27/2021,49,5,39,8507,Technical,Holdlamis
"Runolfsdottir, Parisian and Von",10/13/2019,36,9,47,3421,Others,Job
Barrows Inc,12/6/2021,30,1,41,8520,Others,Redhold
"Romaguera, Waelchi and Roberts",7/23/2021,20,10,32,3111,Others,Home Ing
Schulist-Lakin,5/27/2020,48,5,41,3626,Social,Zaam-Dox
"Weimann, Murray and Wolff",1/7/2021,31,4,42,4969,Social,Solarbreeze
Wolf Inc,7/31/2020,30,2,43,3991,Technical,Bitchip
"Reichel, Kertzmann and Leannon",12/17/2020,20,3,34,5335,Technical,Transcof
Waters-Bednar,12/12/2021,39,9,48,7966,Others,Gembucket
Jakubowski-Hyatt,7/17/2020,30,5,42,7986,Social,Cookley
O'Hara and Sons,12/26/2021,28,5,44,5967,Technical,Zaam-Dox
Gislason and Sons,9/11/2021,45,10,34,3462,Technical,Aerified
Abbott-Bogan,7/25/2019,21,10,48,3736,Technical,Holdlamis
Dickens and Sons,11/7/2021,24,4,42,5158,Technical,Sub-Ex
O'Keefe-Pagac,8/6/2020,11,3,47,4910,Social,Mat Lam Tam
Daniel and Sons,4/19/2021,21,10,31,5017,Technical,Fixflex
"Treutel, Abbott and Senger",8/18/2021,16,8,32,9503,Others,Gembucket
Herzog Inc,4/3/2022,22,2,46,6991,Technical,Latlux
Rodriguez Group,10/21/2019,20,8,39,9865,Technical,Andalax
"Schmitt, Waelchi and Schamberger",1/8/2021,37,3,33,8287,Others,Cardify
"Walter, Schimmel and Quigley",5/19/2021,45,3,45,5588,Others,Voyatouch
"Bechtelar, Hammes and Reinger",12/8/2019,43,9,47,9766,Technical,Duobam
Howe Group,2/16/2022,23,7,44,3387,Social,Gembucket
"Schumm, West and Morar",4/28/2020,27,10,45,8294,Technical,Rank
Kub-Durgan,1/2/2022,15,6,34,4083,Technical,Zathin
King-Hirthe,5/31/2020,15,10,44,8152,Technical,Mat Lam Tam
Hand Inc,2/13/2021,43,8,32,6287,Technical,Holdlamis
Luettgen and Sons,5/14/2021,41,6,38,4276,Social,Trippledex
"Effertz, Kemmer and Stokes",1/25/2022,45,10,47,3010,Others,Pannier
"Jenkins, Dicki and Jones",3/23/2021,24,10,46,8794,Social,Daltfresh
Kilback-Balistreri,3/19/2022,28,4,49,3660,Technical,Y-Solowarm
Russel-Ondricka,8/23/2019,17,10,38,3202,Others,Hatity
Jenkins LLC,2/27/2020,50,4,44,8366,Social,Span
Erdman Group,8/20/2020,42,6,45,6479,Social,Bitchip
"Kihn, Casper and Jakubowski",12/2/2021,35,3,43,6855,Technical,Y-Solowarm
Mante LLC,9/27/2019,17,3,43,6723,Others,Keylex
Jenkins Group,1/27/2020,23,10,35,9097,Others,It
Yost Group,7/6/2020,22,1,39,3029,Social,Zoolab
Weimann Group,9/17/2020,40,9,45,6966,Technical,Zoolab
"Turner, Koch and Beatty",2/18/2020,44,1,39,9141,Social,Cookley
Gottlieb-Beier,8/21/2021,17,9,33,8055,Technical,Zontrax
"Wilderman, Schroeder and Metz",3/20/2021,46,5,32,9888,Others,Solarbreeze
Kozey-Gaylord,3/30/2022,47,2,37,7008,Others,Bytecard
Kerluke-Herzog,2/26/2020,10,8,42,6823,Social,Subin
Cassin and Sons,10/27/2021,32,7,43,4465,Technical,Zathin
Bogan Inc,7/9/2019,49,6,37,3175,Others,Fix San
Gerlach-Howell,9/24/2019,12,9,40,8820,Others,Span
Wyman-Bartoletti,7/3/2021,48,5,44,9875,Technical,Stringtough
"Grady, Bogisich and Wehner",7/15/2020,14,4,44,8882,Social,Hatity
Upton-Mosciski,2/15/2021,25,6,40,5885,Technical,Trippledex
"Schuster, Emard and Ruecker",2/23/2021,10,5,36,5493,Social,Subin
Nienow-Ullrich,9/27/2021,20,5,34,6361,Technical,Otcom
Sauer-Gleason,2/28/2022,47,4,45,7153,Social,Biodex
"Emard, Jones and Cartwright",3/12/2022,35,6,42,5137,Others,Voyatouch
Tillman and Sons,5/27/2020,14,2,39,8560,Technical,Keylex
Paucek and Sons,12/3/2019,19,5,37,8615,Technical,Voyatouch
"Jaskolski, Okuneva and Wehner",4/11/2019,42,2,42,4083,Technical,Vagram
Hammes-Legros,10/19/2019,14,9,34,5175,Others,Holdlamis
Rowe Group,4/24/2019,21,5,50,3336,Technical,Lotlux
Morar-Bartell,12/11/2021,12,6,41,3688,Others,Voltsillam
Jakubowski and Sons,7/14/2021,49,1,40,4540,Technical,Fix San
Wiza Group,3/5/2021,41,4,39,5718,Others,Opela
Beier-Purdy,5/18/2019,24,4,47,5986,Social,Regrant
Kuvalis-Schroeder,1/15/2021,38,3,47,6062,Social,Tresom
Rippin-Mayer,2/7/2022,30,4,39,8728,Technical,Sonsing
Walter-Metz,7/12/2020,11,4,49,5595,Technical,Bamity
Pfeffer-Schroeder,7/10/2020,10,4,41,3861,Social,Zamit
Walter Inc,7/18/2020,23,7,43,6545,Social,Konklux
Dach Group,4/13/2020,38,2,37,5128,Social,Trippledex
"Cremin, Macejkovic and Barrows",5/7/2020,50,4,48,8275,Others,Trippledex
Murphy Inc,3/8/2020,29,3,38,4475,Social,Alphazap
Kuvalis and Sons,1/27/2021,32,10,37,3621,Others,Bitchip
"Miller, Windler and Reichert",9/1/2019,50,4,39,3302,Technical,Sonair
Nikolaus-Gutmann,12/28/2020,46,6,46,4320,Others,Bigtax
Schiller Group,10/18/2020,50,6,43,3358,Technical,Span
Feest Inc,7/8/2021,30,3,50,8753,Others,Sonair
Emmerich LLC,10/25/2019,21,10,33,5896,Others,Bigtax
Goldner Inc,11/26/2019,40,4,31,7480,Others,Alpha
"Turcotte, O'Conner and O'Kon",5/22/2021,10,6,50,7536,Others,Stronghold
"Weissnat, Walsh and Mante",6/3/2019,48,10,38,6983,Technical,Alpha
"Kuvalis, Jacobs and Haag",10/3/2019,48,7,48,9863,Technical,Ventosanzap
Bode-Kertzmann,5/10/2020,50,9,35,9139,Technical,Tres-Zap
Brown and Sons,1/4/2022,44,1,34,4700,Technical,Tampflex
Denesik and Sons,5/2/2021,47,1,30,9586,Technical,Viva
Vandervort Inc,4/8/2021,48,8,33,4168,Social,Fintone
"Marvin, Schmitt and Borer",7/15/2021,38,8,38,8235,Social,Stim
Fadel-Wiegand,8/19/2020,10,9,34,3482,Social,Fix San
"Pollich, Spencer and Spencer",11/11/2019,11,9,35,6105,Others,Tres-Zap
"Pagac, Turner and Renner",1/13/2022,27,3,31,9458,Technical,Greenlam
"Ullrich, Schamberger and Dietrich",3/25/2020,46,9,45,3827,Technical,Zoolab
"Considine, Reichel and Rowe",8/6/2020,50,4,36,6491,Technical,Home Ing
Reichert-Tromp,3/1/2022,31,9,49,9054,Others,Domainer
"Brekke, Kassulke and Schultz",11/2/2019,20,5,46,4401,Social,Bitchip
"Bergnaum, Rogahn and Mann",8/31/2021,36,8,45,3455,Others,Overhold
Pollich-Thompson,12/12/2019,50,2,49,9265,Social,Subin
Haley-Tremblay,1/22/2021,46,6,37,7335,Social,Flowdesk
"Schoen, Baumbach and Hoppe",4/16/2020,14,2,31,3670,Technical,Regrant
Krajcik Inc,11/4/2019,18,5,41,6864,Social,Tampflex
"Wolf, Strosin and Ledner",4/6/2021,42,2,49,8892,Social,Lotlux
Leuschke-Mayer,1/17/2022,18,1,39,4176,Technical,Hatity
Kuvalis-Yost,3/9/2022,12,7,41,3856,Others,Stringtough
Murphy-Wisoky,6/14/2021,30,5,43,7280,Social,Alphazap
"Brakus, Corwin and Hamill",5/1/2021,25,2,31,9228,Technical,Temp
"Hand, O'Reilly and Flatley",5/19/2021,16,4,35,7952,Others,Span
Strosin Group,5/13/2019,14,2,43,3183,Technical,Y-find
"Bins, Lemke and Durgan",5/30/2019,11,3,36,9854,Others,Vagram
"Casper, O'Hara and Walsh",6/9/2020,24,10,46,4520,Social,Tampflex
Towne-Sanford,3/9/2022,14,7,39,3698,Social,Y-find
"Treutel, Rolfson and Lowe",2/4/2021,39,7,45,5854,Technical,Rank
Heller LLC,12/11/2021,37,7,35,4418,Social,Domainer
Conn-Schowalter,2/6/2020,49,7,39,8023,Technical,Voyatouch
"Kuphal, Bailey and Schaefer",5/24/2020,40,3,31,5876,Social,Zontrax
"Hoppe, McKenzie and Vandervort",4/30/2021,25,8,31,7366,Social,Subin
Bednar LLC,3/23/2021,20,8,32,8349,Technical,Stringtough
"Lesch, Simonis and Haley",4/28/2019,23,5,37,4753,Others,Alpha
Purdy Group,4/28/2019,42,2,30,9135,Others,Temp
Greenholt-Johns,6/12/2020,36,6,46,3101,Technical,Hatity
Gottlieb-Jenkins,9/21/2020,20,1,43,5804,Others,Bamity
Schiller-Lind,7/24/2020,47,1,34,8743,Technical,Solarbreeze
Parker Inc,10/22/2020,22,6,50,3060,Social,Bigtax
"Stiedemann, Simonis and Marks",10/27/2021,42,3,38,5911,Technical,Holdlamis
"Abshire, McKenzie and Haag",12/13/2021,21,8,47,3584,Technical,Voltsillam
Bode Group,6/3/2019,39,9,35,3298,Social,It
Roberts-Parisian,7/3/2019,47,7,40,9826,Social,Matsoft
Larkin-Roberts,9/30/2020,50,8,39,3928,Social,Bamity
"Anderson, Cummerata and Kuvalis",6/7/2021,35,3,33,7566,Technical,Keylex
Christiansen-Kreiger,8/12/2019,25,1,49,3883,Others,Tempsoft
"O'Conner, Koepp and Kassulke",3/15/2020,24,8,39,5272,Technical,Prodder
Weissnat-Macejkovic,12/5/2019,11,6,31,3945,Others,Zamit
Kuhic-Gerlach,7/18/2020,17,6,49,9831,Social,Stronghold
"Effertz, Swift and Durgan",1/21/2020,34,2,31,3496,Others,Alphazap
Keebler-Moore,10/19/2019,46,1,39,8302,Social,Treeflex
"Trantow, Grant and Kuhn",6/10/2021,26,8,31,9757,Social,Greenlam
"Rempel, Hoppe and Howe",8/17/2019,13,6,30,9144,Technical,Tresom
Waelchi and Sons,7/18/2020,39,1,46,6850,Others,Y-find
Zboncak-Ernser,9/9/2019,33,5,50,8229,Social,Opela
"Cummerata, Zemlak and Feil",2/26/2022,14,8,32,4175,Technical,Flowdesk
Kuhic Inc,2/12/2022,10,9,40,7979,Social,Voltsillam
Goldner Inc,11/18/2021,23,9,47,7537,Others,Tempsoft
Dicki-Ledner,9/16/2020,47,10,38,5099,Others,Cardguard
"Graham, Bauch and Gerhold",5/8/2019,31,6,48,3493,Others,Holdlamis
Fadel LLC,3/16/2021,41,2,37,8001,Others,Rank
"Crist, Bechtelar and Larkin",1/5/2020,32,10,41,8744,Others,Otcom
White-Kassulke,4/3/2019,10,9,49,5410,Social,Lotlux
"McClure, Herman and O'Kon",4/19/2019,25,4,42,4922,Social,Tampflex
McCullough-Schamberger,9/30/2021,26,6,31,9467,Others,Zamit
Hackett LLC,12/11/2021,31,1,37,6190,Others,Job
"Cronin, Batz and Aufderhar",3/5/2020,37,2,42,3617,Technical,Lotlux
Shields-Donnelly,9/30/2020,20,3,46,4917,Others,Transcof
Nicolas Inc,9/6/2021,43,6,50,5291,Social,Fixflex
Rodriguez Inc,9/16/2019,13,8,47,6567,Others,Job
"Heathcote, Stehr and Hauck",9/28/2020,48,7,42,3389,Technical,Solarbreeze
Wehner Inc,11/15/2019,11,2,31,6711,Others,Bytecard
"Goodwin, Romaguera and Luettgen",5/19/2021,49,10,37,7617,Social,Fintone
"Deckow, Koelpin and Thompson",2/7/2021,20,5,43,4904,Others,Temp
Beahan-Hayes,8/11/2019,35,10,35,5356,Social,It
Bauch Inc,5/13/2019,46,10,31,3945,Social,Latlux
Mann Inc,5/27/2020,13,5,40,3960,Others,Veribet
Schaden-Wiza,7/15/2020,12,9,36,5066,Technical,Prodder
Blanda Inc,6/4/2019,40,4,42,3839,Social,Lotstring
Douglas Group,1/23/2022,30,6,41,9657,Social,Bitwolf
Effertz Inc,7/27/2021,21,8,33,6953,Technical,Quo Lux
Wuckert-Hermiston,7/22/2021,49,3,42,7860,Social,Trippledex
O'Conner Inc,10/24/2020,32,8,38,3692,Technical,Asoka
Marks and Sons,4/16/2019,47,10,40,5466,Social,Tin
McDermott-Leuschke,12/4/2021,41,8,38,3900,Others,Alphazap
"Schuster, Treutel and Streich",3/28/2020,50,4,47,7428,Others,Matsoft
Ankunding-Johns,11/29/2020,13,2,49,6188,Technical,Fintone
"Dickinson, Emard and Weimann",7/21/2019,44,5,47,6405,Social,Quo Lux
Monahan-Wiegand,4/8/2019,18,10,32,7388,Social,Holdlamis
Boehm LLC,10/29/2021,11,6,34,7291,Technical,It
Gleason-Champlin,12/26/2019,20,1,44,7725,Social,Namfix
Labadie-Morar,11/6/2020,44,5,38,7100,Technical,Cookley
Daugherty and Sons,3/18/2021,25,6,42,4194,Others,Sonair
Bechtelar-Wehner,8/15/2019,11,4,36,4994,Others,Zoolab
Schowalter Inc,5/18/2019,25,10,50,6742,Technical,Redhold
"Daniel, Bednar and Rohan",12/30/2019,24,10,37,6172,Others,Matsoft
Kshlerin-Sanford,7/3/2021,49,9,39,8709,Social,Bamity
Osinski-Altenwerth,2/25/2021,14,2,31,4356,Others,Bigtax
Raynor and Sons,10/2/2021,27,10,47,9818,Technical,Duobam
Goldner-Lockman,7/11/2021,25,9,43,4337,Others,Tresom
Heathcote-Moore,9/23/2020,23,5,31,6582,Social,Quo Lux
McClure LLC,10/25/2019,27,6,50,4664,Technical,Zamit
Goyette-Hintz,3/15/2021,18,9,45,9743,Technical,Latlux
Hoeger Group,5/25/2019,18,1,34,4080,Technical,Tin
Green-Schaden,6/25/2020,47,7,38,8441,Social,Aerified
Murphy-Goldner,3/8/2021,41,9,49,5403,Others,Transcof
"Rice, Nolan and Rempel",9/14/2021,15,9,40,6058,Social,Pannier
"Beer, Paucek and Grimes",2/25/2021,33,5,34,9309,Social,Konklab
Crist LLC,12/22/2019,48,6,43,8536,Social,Hatity
Russel-Lebsack,12/29/2021,45,7,48,9553,Others,Zamit
"Macejkovic, Fahey and Cummerata",8/9/2020,28,9,44,7963,Social,Asoka
"Roob, McKenzie and Heidenreich",4/21/2021,40,2,38,8409,Social,Zathin
"Veum, Smitham and Dooley",6/17/2021,50,8,49,9717,Social,Fintone
"Dickens, Davis and Hodkiewicz",4/11/2020,46,5,42,4790,Social,Cookley
Dare-Anderson,8/9/2021,47,9,38,6575,Technical,Home Ing
Pagac Inc,10/13/2021,22,10,40,8745,Social,Alpha
"Fritsch, Rolfson and Emmerich",1/31/2020,14,3,43,7263,Technical,Zathin
Kihn-Satterfield,7/21/2021,22,3,37,3798,Others,Veribet
Boyer Group,2/5/2022,47,4,30,4594,Others,Trippledex
Torphy-Feeney,10/21/2019,10,3,50,5321,Social,Bytecard
"Witting, Klein and Smitham",4/4/2019,42,2,36,7250,Technical,Tres-Zap
Schroeder and Sons,7/14/2021,31,1,42,4222,Others,Zathin
Davis and Sons,4/14/2021,14,8,49,9737,Social,Flowdesk
Walker Group,1/17/2021,13,1,32,6376,Social,Kanlam
Jacobi-Mayer,1/28/2020,15,3,30,3089,Technical,Stronghold
Witting-Kulas,9/27/2019,24,5,43,4258,Others,Zontrax
Ferry Group,9/30/2020,32,2,43,8252,Social,Matsoft
"Daniel, Cremin and Williamson",3/16/2020,50,5,40,8559,Technical,Asoka
Morar Inc,10/1/2020,50,3,33,4624,Technical,Y-find
Cummings and Sons,3/11/2021,47,10,45,9284,Others,Trippledex
Renner-Morissette,10/11/2021,38,7,36,5870,Others,Toughjoyfax
"Hirthe, Mante and Welch",11/19/2020,19,7,46,7296,Technical,Cardify
"Frami, Schulist and Sawayn",1/13/2022,31,5,38,3028,Others,Matsoft
Lind and Sons,5/4/2019,38,8,32,6704,Technical,Fix San
Wiegand-Reichel,7/5/2020,28,6,42,4201,Technical,Stim
Durgan Group,11/22/2021,42,5,44,3673,Social,Matsoft
"Gibson, Bahringer and Hettinger",1/5/2022,44,7,47,8849,Technical,Mat Lam Tam
Reynolds-Prohaska,2/10/2021,21,9,34,3116,Others,Zontrax
Haag-Terry,1/31/2021,10,8,45,8945,Technical,Veribet
"Hodkiewicz, Koepp and Dach",11/4/2019,16,6,46,7518,Social,Voltsillam
"Waters, Schowalter and Auer",12/24/2019,41,3,30,8427,Social,Konklux
"Nienow, Balistreri and Treutel",6/30/2021,41,1,38,6372,Others,Duobam
Anderson and Sons,9/21/2020,40,3,49,4306,Social,Home Ing
Emard Inc,4/3/2020,27,4,50,5996,Others,Flowdesk
Kirlin LLC,11/2/2020,13,8,39,7766,Others,Y-Solowarm
Macejkovic-Nolan,2/6/2022,42,1,45,4104,Social,Overhold
Aufderhar LLC,10/18/2021,28,9,41,4196,Technical,Andalax
Gerhold Group,3/11/2022,42,4,37,7930,Others,Bamity
Conroy Inc,4/19/2020,19,8,35,8014,Others,Sub-Ex
Schoen and Sons,4/10/2021,36,4,50,9363,Technical,Stim
Reichert-Erdman,4/4/2022,33,9,46,7369,Social,Andalax
"Larkin, Goyette and Ward",5/29/2021,46,3,39,9475,Others,Treeflex
Gutmann-Purdy,11/17/2021,16,3,37,5821,Others,Home Ing
Kutch Inc,11/8/2019,23,1,35,6413,Social,Quo Lux
Stamm-Bashirian,8/4/2020,12,9,36,4966,Technical,Ronstring
Bosco-Daniel,3/12/2020,29,6,45,9407,Others,Tresom
Lemke Group,10/25/2021,28,4,38,8789,Technical,Fintone
Jones-Goodwin,7/1/2019,39,4,50,9937,Technical,Ronstring
Hilll-Crona,4/18/2019,33,10,38,4005,Others,Tempsoft
Ziemann Group,10/25/2021,29,4,44,9656,Social,Fixflex
Larson-Yost,7/19/2019,50,10,32,6923,Others,Lotlux
Connelly LLC,4/19/2020,30,4,41,3158,Social,Temp
Crona and Sons,11/2/2019,30,1,33,4244,Social,Veribet
Erdman-Will,1/3/2021,27,4,36,6311,Technical,Sonsing
Harber-O'Kon,5/11/2020,16,4,48,7341,Social,Holdlamis
"Rice, Rempel and Schmeler",2/25/2021,26,7,50,6947,Social,Konklux
Schamberger-Howell,10/10/2019,19,3,41,3879,Social,Kanlam
"Jacobson, Nicolas and Schuppe",9/1/2019,12,5,44,8055,Others,Home Ing
Padberg-Ankunding,1/6/2021,26,1,31,3806,Social,Pannier
Dietrich Group,5/19/2019,30,4,39,5527,Social,Latlux
Hickle-Waters,9/9/2019,15,3,38,7449,Others,Lotstring
"Flatley, Hills and Dicki",11/17/2020,32,4,34,9079,Social,Stronghold
Abernathy-Beatty,11/10/2019,37,10,48,7617,Technical,Flowdesk
Adams-Quitzon,7/16/2019,18,9,45,5626,Social,Bamity
Feil-Skiles,8/11/2021,48,9,50,9250,Technical,Greenlam
"Berge, Walsh and Rempel",3/2/2022,11,9,32,5011,Social,Namfix
Hudson LLC,1/12/2020,14,3,34,7951,Others,Tresom
"Ondricka, Powlowski and Hessel",6/24/2020,30,10,43,5936,Social,Sonsing
"Swaniawski, Purdy and Heller",12/26/2019,50,2,43,9005,Social,Holdlamis
"Halvorson, Batz and Goodwin",5/26/2019,44,8,47,5200,Technical,Pannier
"Howe, Wyman and Windler",12/8/2019,33,1,30,9341,Others,Fix San
Cartwright Group,7/8/2020,10,6,40,4688,Social,Flexidy
Stehr-McGlynn,1/29/2020,14,2,37,3008,Others,Otcom
Quigley-Botsford,1/20/2022,49,4,45,3711,Social,Regrant
Reichel Group,4/23/2021,21,3,32,7058,Others,Vagram
Runte LLC,12/12/2021,16,6,30,9804,Others,Y-Solowarm
McCullough-Rau,10/17/2019,47,3,35,8915,Social,Biodex
Greenholt Group,12/30/2020,48,7,44,9744,Others,Andalax
Harris-Kovacek,7/26/2021,13,3,48,7060,Others,Trippledex
Welch Inc,8/2/2021,44,2,32,9595,Others,Konklab
Powlowski Inc,3/27/2020,44,3,36,4255,Social,Subin
"Kemmer, Reynolds and Stiedemann",5/15/2021,49,8,39,3324,Technical,Tres-Zap
Boehm-Schulist,6/3/2021,35,7,50,4617,Technical,Tresom
Bashirian LLC,4/28/2019,22,4,35,4441,Others,Stringtough
"Jenkins, Hudson and Rowe",2/28/2021,31,2,39,8196,Technical,Bigtax
Braun Inc,6/7/2020,44,10,31,9579,Technical,Regrant
Doyle Group,12/22/2021,48,7,46,6801,Technical,Job
"Wuckert, Connelly and Kassulke",12/28/2020,48,7,30,7022,Others,Fintone
Kunze-Schuster,11/15/2021,18,3,34,6229,Social,Sub-Ex
Kassulke LLC,1/8/2020,42,8,49,5051,Technical,Vagram
Ullrich-Stiedemann,6/25/2019,13,5,35,3781,Technical,Konklux
Hane and Sons,11/4/2020,29,8,44,3791,Others,Flexidy
"Purdy, Krajcik and Gutmann",10/6/2020,46,9,50,5744,Social,Fintone
Fahey-Flatley,1/11/2020,44,3,31,4632,Technical,Konklab
Littel-Leannon,10/29/2021,44,4,42,5231,Technical,Daltfresh
"Oberbrunner, Orn and Monahan",12/29/2020,12,4,34,7396,Social,Quo Lux
"Strosin, Armstrong and Miller",7/23/2020,38,3,30,8427,Others,Sub-Ex
"Brown, Bogan and Dietrich",4/2/2019,33,2,48,6392,Others,Sonsing
Hettinger Inc,10/9/2020,14,7,41,9978,Social,Cardguard
Runte-Doyle,2/13/2020,10,2,42,6433,Others,Sonair
"Barton, Armstrong and Jones",3/30/2021,20,2,42,8851,Social,Veribet
Jones LLC,3/25/2020,32,1,39,4053,Technical,Asoka
Kuhlman-Hettinger,6/26/2021,27,2,36,6223,Others,Mat Lam Tam
Hauck and Sons,6/1/2019,19,6,36,6673,Others,Tampflex
Dickinson Group,12/20/2020,11,10,38,5549,Others,Cardify
Von Group,6/14/2021,19,5,37,5687,Technical,Otcom
Mills Inc,2/15/2021,48,4,40,9251,Technical,Alpha
Reilly LLC,9/30/2019,11,5,39,8497,Technical,Daltfresh
Aufderhar-Heidenreich,7/2/2019,21,6,32,5820,Others,Kanlam
Hickle-Mraz,12/6/2020,15,6,43,8519,Others,Sonair
Cremin-Boyer,12/10/2020,17,3,36,3117,Technical,Zontrax
"Wolff, Johns and Swaniawski",1/25/2022,27,10,46,6885,Technical,Opela
"Collier, Mertz and Ferry",11/26/2019,35,3,31,6685,Technical,Latlux
Hand Group,6/25/2019,47,9,44,6869,Technical,Bamity
"Tremblay, Cremin and Bins",4/28/2020,11,1,50,5517,Others,Trippledex
"Kuhlman, Fadel and Conroy",5/12/2021,50,8,49,4015,Others,Wrapsafe
Hickle Inc,5/8/2020,46,6,50,8322,Others,Zaam-Dox
Swift LLC,5/16/2020,10,8,35,5974,Technical,Span
Brekke-Stehr,7/5/2020,42,8,30,7034,Technical,It
Hilpert-Runte,12/3/2020,41,7,49,3924,Social,Tin
"Beahan, Auer and Hermann",1/16/2022,28,4,50,8040,Technical,Cardguard
"Tremblay, Lowe and Crist",7/29/2020,19,3,47,7565,Others,Veribet
"Padberg, Christiansen and Johnston",10/10/2019,12,8,47,7736,Others,Zoolab
Haley Inc,2/24/2020,18,1,39,9798,Technical,Bigtax
"McGlynn, Daugherty and Hauck",11/10/2020,15,2,49,7300,Social,Gembucket
Dicki-Wunsch,10/9/2021,39,7,40,3493,Social,Cardguard
"Lockman, Kiehn and Weber",6/2/2020,11,8,39,3751,Social,Konklab
Cole Inc,10/16/2020,25,7,38,9936,Technical,Bamity
Koepp LLC,12/6/2019,44,6,40,7949,Others,Sonair
Johnston-O'Keefe,2/24/2022,21,4,32,4395,Technical,Tampflex
"Bradtke, Waters and Predovic",9/20/2020,42,9,41,3957,Social,Asoka
"Padberg, Lehner and Deckow",11/1/2019,33,5,35,3404,Social,Bitwolf
Hermiston-Rogahn,1/17/2021,31,8,50,6630,Social,Zoolab
Rice Group,8/9/2020,23,2,39,6627,Technical,Lotstring
"Gleason, Lindgren and Halvorson",11/26/2021,40,3,48,3082,Others,Mat Lam Tam
Green-Collins,3/17/2021,42,5,38,3212,Technical,Holdlamis
Watsica-Mohr,9/13/2020,50,8,49,6582,Others,Konklab
Pacocha and Sons,7/19/2020,31,1,40,4942,Technical,Andalax
Beahan and Sons,6/25/2020,12,6,32,6728,Social,Home Ing
"Kessler, Stracke and Mohr",9/27/2020,47,7,35,6667,Others,Fix San
Schultz and Sons,7/7/2019,22,4,48,7127,Others,Matsoft
Gottlieb-Runolfsdottir,4/6/2022,48,4,44,5548,Technical,Tres-Zap
"Corwin, Kuhic and Hermann",2/6/2020,48,2,33,5651,Social,Alpha
Gleason-Beatty,11/26/2019,32,5,34,7149,Social,Sonsing
Cormier-Heaney,8/27/2019,20,4,49,9341,Technical,Keylex
"Dibbert, Wunsch and Wilkinson",1/8/2021,40,9,33,9372,Social,Bytecard
Hermann and Sons,5/20/2020,19,3,43,3968,Technical,Span
"Hamill, Johns and Johnston",12/6/2021,13,7,31,8285,Others,Gembucket
"Runolfsson, Beahan and Kshlerin",12/19/2019,48,8,46,7481,Others,Aerified
"Schoen, Leffler and Waelchi",9/2/2020,44,4,44,4752,Social,Stringtough
Keeling-Boehm,7/31/2021,48,8,34,6153,Technical,Bitchip
Anderson LLC,1/6/2022,32,2,30,8681,Technical,Asoka
Wiza Inc,2/7/2021,19,5,46,7781,Others,Latlux
Bailey Group,6/8/2020,28,1,46,9555,Technical,Voltsillam
Price Inc,10/29/2021,21,1,44,6842,Others,Zathin
O'Kon-Fisher,11/3/2019,44,5,49,3843,Social,Mat Lam Tam
Deckow Group,10/17/2020,12,1,35,7584,Social,Lotstring
"VonRueden, Kovacek and Lueilwitz",8/24/2019,28,7,38,5409,Social,Aerified
Skiles and Sons,6/1/2020,33,4,49,7481,Social,Veribet
Kessler and Sons,9/10/2020,14,8,32,9503,Others,Rank
Hilll-Fadel,10/12/2019,20,8,40,3313,Social,Andalax
Cassin and Sons,7/8/2021,23,9,35,7325,Technical,Hatity
White-Streich,3/5/2022,46,6,33,4716,Social,Zontrax
"Mohr, Wisozk and Jones",3/6/2022,30,9,33,8078,Social,Aerified
Casper Group,1/28/2020,27,3,40,5416,Technical,Keylex
Satterfield-Pollich,1/5/2021,27,1,36,6837,Technical,Namfix
Weimann-Wintheiser,12/2/2021,41,10,35,8984,Technical,Overhold
"Kozey, Boyer and Price",9/2/2019,28,4,40,5501,Others,Subin
Cummerata Group,9/5/2020,48,3,48,7212,Technical,Transcof
"Reynolds, Gulgowski and Wyman",9/27/2020,37,10,44,7047,Social,Zamit
Bogan-Bernhard,3/9/2020,34,2,32,6387,Others,Wrapsafe
Dach Inc,5/7/2021,30,6,36,4003,Technical,Treeflex
"Donnelly, Kunde and Bogan",4/8/2019,11,5,50,4800,Others,Cardguard
"King, Grant and Corwin",10/16/2019,29,1,30,7462,Social,Stringtough
Muller-Veum,12/21/2021,43,10,37,9151,Others,Redhold
Klein Inc,3/16/2022,21,10,32,4315,Others,Bitwolf
"Ledner, Pollich and Thiel",10/31/2020,49,4,47,4839,Others,Temp
Collins and Sons,1/20/2022,47,3,40,7354,Technical,Bamity
"Hackett, Wintheiser and Stoltenberg",12/14/2019,39,8,50,9100,Technical,Fixflex
Hansen-Keebler,10/9/2019,21,5,44,5150,Technical,Subin
Ebert LLC,10/8/2021,45,6,31,7742,Others,Job
Schulist-Schultz,11/19/2021,26,4,35,6609,Others,Flowdesk
Heidenreich-Ankunding,10/16/2021,44,8,48,8653,Social,Bigtax
Sipes and Sons,12/25/2020,14,3,43,3787,Social,Y-find
"Gibson, Senger and Hickle",8/27/2019,32,2,30,9222,Social,Biodex
Vandervort-Bartoletti,2/25/2022,17,10,42,9466,Social,Temp
Mitchell Group,8/22/2021,45,2,37,5120,Others,Flowdesk
Crooks Group,2/23/2022,11,4,31,8340,Technical,Flowdesk
Quitzon-Bruen,7/20/2019,17,5,46,6997,Social,Kanlam
O'Connell-Ratke,5/12/2020,41,1,36,4197,Others,Otcom
Mosciski-Buckridge,1/10/2022,10,3,35,9772,Others,Gembucket
Collier-Rice,11/25/2020,47,3,43,3888,Social,Zontrax
Koch-Goyette,2/2/2020,41,1,41,3370,Technical,Aerified
Lockman LLC,9/29/2019,25,3,35,8106,Technical,Trippledex
"McDermott, Leffler and Strosin",11/5/2019,14,8,40,5448,Social,Mat Lam Tam
Harber-Windler,12/1/2019,30,7,46,7136,Technical,Hatity
"McCullough, Schulist and Koelpin",5/23/2019,10,9,30,3966,Social,Regrant
Prosacco LLC,12/5/2020,44,4,31,7023,Others,Namfix
Mertz LLC,11/20/2020,22,9,44,4418,Social,Matsoft
Dare and Sons,2/25/2022,13,3,40,9528,Social,Rank
"Schiller, Stracke and Hilll",6/10/2020,44,5,43,6436,Social,Span
Lehner-Torphy,11/14/2021,39,9,43,6510,Technical,Fix San
Heaney Group,1/26/2020,15,2,44,5219,Technical,Regrant
Schmidt-Wehner,3/5/2020,50,10,44,9304,Social,Duobam
Morissette-Wuckert,4/27/2021,27,10,45,9797,Technical,Flexidy
Hand LLC,3/19/2020,16,5,34,9750,Social,Kanlam
Bashirian and Sons,12/2/2021,28,5,36,5832,Others,Domainer
"Collins, Walsh and McClure",1/30/2022,45,4,45,9569,Others,Tempsoft
"Stanton, Collins and Wyman",10/2/2019,33,9,40,9531,Others,Subin
"Beer, Hahn and Torp",8/1/2019,21,4,33,3830,Social,Y-find
"Bartell, Rohan and Spinka",10/21/2021,47,1,30,4132,Technical,Zoolab
"Lesch, Marks and Murphy",8/7/2020,49,4,32,7840,Social,Zoolab
Rosenbaum LLC,8/2/2021,40,2,43,4949,Others,Solarbreeze
Dach-Hagenes,10/28/2019,20,5,40,7163,Social,Hatity
Sawayn-Hackett,3/3/2021,28,7,37,7470,Social,Bigtax
Cartwright-Carroll,5/18/2019,15,2,47,5514,Technical,Aerified
"Champlin, Veum and Bayer",11/27/2019,10,2,31,4731,Technical,Wrapsafe
Hodkiewicz LLC,12/30/2021,38,8,43,7858,Technical,Lotlux
Predovic and Sons,12/21/2019,46,4,31,5691,Others,Overhold
Waters-Feil,8/14/2019,44,7,30,6703,Social,Konklux
"Pfannerstill, Feil and Berge",7/12/2021,43,3,42,9924,Social,Y-Solowarm
McClure LLC,2/9/2020,30,1,36,4457,Others,Fix San
Sporer LLC,5/8/2019,24,8,30,6344,Social,Redhold
"Mante, Rowe and Skiles",1/18/2021,43,1,37,4006,Social,Tin
Cummings Group,4/4/2021,29,8,36,5966,Social,Tampflex
Lesch Group,3/31/2021,40,3,47,9937,Technical,Tampflex
Bergstrom LLC,9/23/2021,45,4,42,4354,Others,It
"Nikolaus, Crona and Berge",5/23/2020,17,6,49,7810,Social,It
Hermann Inc,3/20/2022,12,8,48,8682,Technical,Pannier
Kilback-Legros,10/5/2019,34,3,45,3192,Technical,Aerified
"Hermiston, Frami and Osinski",12/31/2021,15,9,35,4638,Others,Zamit
Ward Group,5/28/2019,13,10,31,7377,Social,Solarbreeze
O'Conner Inc,11/27/2021,27,1,32,5237,Others,Tampflex
Schowalter-Rosenbaum,11/9/2021,36,3,48,6956,Technical,Job
Willms Inc,1/23/2020,17,5,30,3819,Social,Matsoft
Schiller-Hartmann,7/11/2019,36,4,36,4481,Technical,Stronghold
"Watsica, Windler and Carroll",7/6/2020,40,2,43,6094,Others,Tresom
Maggio Group,2/23/2021,31,3,40,4726,Social,Kanlam
Greenholt-Green,1/25/2020,42,4,37,7431,Technical,Quo Lux
Lueilwitz Group,4/22/2019,24,9,40,5266,Others,Zontrax
"Berge, Prosacco and Maggio",11/14/2021,32,8,35,5687,Technical,Mat Lam Tam
"Herzog, Altenwerth and King",2/18/2020,48,3,38,4997,Technical,Cookley
"Langworth, Harris and Zieme",6/11/2019,12,7,46,4621,Others,Tres-Zap
"Wuckert, Hessel and Lubowitz",4/2/2020,37,5,46,7085,Others,Pannier
Windler-Ullrich,12/22/2019,18,2,40,3848,Social,Hatity
"Metz, Hackett and Donnelly",12/27/2021,39,1,34,9563,Technical,Mat Lam Tam
Veum LLC,6/20/2020,20,6,38,7395,Technical,Rank
Schuster Inc,11/4/2020,45,6,46,6061,Technical,Cardify
Skiles-Funk,8/3/2021,46,3,31,8265,Others,Domainer
McClure-Kihn,4/16/2019,21,8,36,7323,Social,Ronstring
Block Inc,7/23/2021,25,1,33,4404,Others,Alphazap
Gutkowski-Senger,8/31/2021,50,7,46,5589,Social,Matsoft
Walter LLC,1/8/2020,43,1,49,9712,Others,Lotstring
"Welch, Monahan and Kutch",4/30/2020,45,7,36,3609,Others,Pannier
Kub Group,6/24/2019,21,2,43,8681,Social,Subin
Schmitt Group,12/24/2020,31,2,32,6983,Social,Bamity
Hane Inc,7/8/2019,41,2,43,4109,Technical,Matsoft
Koelpin and Sons,7/5/2021,18,4,45,4002,Others,Latlux
"Cartwright, Heidenreich and Nicolas",1/4/2021,46,10,30,7943,Social,Aerified
Bins-Reilly,7/12/2020,49,7,40,3193,Social,Voyatouch
"McDermott, Dickinson and Waters",2/10/2020,17,9,50,7014,Social,Aerified
"Mertz, Treutel and Walter",2/11/2020,17,9,38,3110,Others,Stronghold
Jakubowski LLC,4/30/2019,50,3,48,4075,Social,Latlux
Kunze-Borer,9/17/2021,37,8,43,5215,Social,Bitwolf
Donnelly-Hayes,3/6/2022,21,5,31,3094,Technical,Hatity
Howell Inc,10/12/2020,40,5,46,5040,Technical,Ventosanzap
Streich Inc,7/24/2020,15,4,41,3110,Technical,Alphazap
Oberbrunner-Bashirian,4/22/2019,33,4,43,5790,Technical,Quo Lux
Mueller-Turner,5/30/2020,49,1,45,6740,Others,Opela
Trantow-Herman,10/31/2020,44,6,47,4329,Technical,Bigtax
"Kihn, Price and Hills",7/15/2020,15,8,46,4518,Others,Voyatouch
"McGlynn, Waters and Hodkiewicz",7/13/2020,20,3,48,7911,Social,Bamity
Smith LLC,6/18/2021,50,10,45,4246,Others,Stronghold
Douglas Inc,4/30/2021,22,7,32,4900,Technical,Bamity
Harber-Wolf,1/21/2022,49,8,42,5226,Others,Andalax
Durgan Inc,11/26/2020,40,2,43,3819,Others,Span
"Weimann, Ernser and Lebsack",10/7/2021,31,5,30,5187,Technical,Overhold
"Little, Senger and Cartwright",5/2/2019,21,3,35,6226,Others,Tampflex
"Corwin, Fisher and Kub",1/17/2020,37,1,49,5865,Technical,Stim
Kuhn LLC,6/14/2019,11,2,37,4385,Technical,Y-find
Zieme LLC,10/17/2019,43,3,46,3105,Technical,Stim
"Hammes, Gusikowski and Lakin",3/25/2022,46,10,36,7097,Others,Voltsillam
Parisian LLC,2/16/2021,40,4,40,3765,Others,Redhold
Gutkowski-Gibson,2/7/2021,17,5,43,7511,Others,Lotlux
"McLaughlin, Carroll and Haley",12/22/2021,37,5,41,7713,Technical,Voyatouch
"Ledner, Miller and Ferry",3/25/2020,28,7,34,6769,Others,Stringtough
"Hartmann, Trantow and Crooks",10/13/2019,43,1,32,8754,Social,Bytecard
Fadel Group,9/9/2019,43,3,34,8199,Technical,Ventosanzap
Crona LLC,8/23/2020,37,4,35,9151,Technical,Viva
Kemmer Group,12/9/2021,17,8,35,8013,Others,Daltfresh
Hintz Inc,6/21/2019,41,9,43,7872,Others,Voltsillam
"Hoppe, Feest and Johnston",5/11/2019,44,9,37,6540,Social,Span
Casper and Sons,5/30/2019,31,2,37,3915,Technical,Greenlam
"Hyatt, Schoen and Dare",7/10/2019,48,3,46,9266,Technical,Cardify
Mertz-Hahn,5/18/2020,37,5,34,5911,Others,Toughjoyfax
Cruickshank Group,10/5/2021,19,6,35,4983,Technical,Viva
Shanahan-Pouros,7/5/2020,46,8,42,8231,Technical,Asoka
Crona-Kertzmann,3/9/2020,36,2,43,9622,Social,Toughjoyfax
Boyer and Sons,2/5/2020,44,8,41,3805,Technical,Subin
Carroll Group,9/1/2020,30,10,34,9734,Others,Opela
"Tremblay, Adams and Kohler",2/28/2020,27,9,40,8803,Technical,Domainer
"Schmitt, Torphy and Harris",3/11/2020,10,2,39,6324,Others,Flexidy
Paucek Group,8/13/2020,27,1,45,5049,Social,Fix San
"Hansen, Kuhic and Kuphal",7/4/2019,14,10,41,8352,Technical,Alphazap
Wilkinson-Schuppe,3/31/2021,38,3,50,5337,Technical,Trippledex
"Berge, Olson and Schoen",1/17/2022,39,2,48,8801,Others,Matsoft
Goldner-Ankunding,2/13/2022,48,3,30,5320,Social,Sub-Ex
Bode Group,2/23/2020,33,2,46,9616,Social,Bigtax
Hoeger-Dickens,10/2/2019,46,8,50,4313,Technical,Aerified
"Price, Johns and Kilback",2/18/2020,29,9,31,8061,Social,Namfix
Koepp Group,2/25/2022,46,9,33,3408,Others,Cardify
McKenzie-Gorczany,2/27/2020,43,1,30,5054,Others,Flexidy
Gleichner Inc,6/26/2020,14,3,45,7834,Technical,Gembucket
"Walter, Lakin and Nicolas",9/6/2019,44,7,35,7004,Technical,Cardify
"Rowe, Rosenbaum and Padberg",7/16/2019,17,5,42,4142,Technical,Voyatouch
Legros and Sons,6/30/2020,49,7,41,3016,Technical,It
Welch and Sons,9/2/2020,31,6,43,3001,Social,Stronghold
Kshlerin-Nicolas,5/23/2019,42,4,40,8136,Others,Aerified
"Mann, Connelly and Dooley",3/12/2021,19,5,30,3871,Social,Bitwolf
Lindgren-Heller,2/25/2022,39,6,49,6047,Others,Tempsoft
"Klocko, Cole and Ruecker",11/28/2019,29,10,31,9842,Social,Konklux
Stracke LLC,4/25/2019,35,8,39,9029,Others,Fix San
Mills Inc,1/15/2022,44,10,39,3320,Technical,Flowdesk
"Wolff, Swaniawski and Kshlerin",3/4/2021,42,2,33,5823,Others,Alphazap
"Dooley, Grimes and Schuppe",1/21/2022,14,7,45,5059,Social,Bytecard
Champlin-Miller,7/21/2020,30,1,32,9675,Technical,Namfix
Lueilwitz and Sons,3/2/2020,36,1,33,5606,Others,Cookley
Roob LLC,1/24/2021,25,4,34,8219,Social,Veribet
Brakus LLC,3/5/2020,38,7,37,4011,Others,Konklab
Rosenbaum-Effertz,10/31/2019,46,1,40,7650,Others,Span
Morissette-Zulauf,6/10/2021,19,3,46,5296,Technical,Konklux
"Trantow, Carroll and Nicolas",2/15/2020,42,9,37,9915,Others,It
Leffler-Nitzsche,11/20/2020,22,2,41,3964,Social,Transcof
Lowe-Towne,10/3/2020,25,8,48,7956,Others,Hatity
Nikolaus and Sons,4/22/2019,38,7,32,7513,Social,Transcof
Kohler-Dietrich,8/19/2019,23,7,44,7628,Others,Vagram
"Will, Monahan and Ankunding",10/9/2020,47,9,34,7345,Technical,Keylex
Kunze-Goyette,10/31/2019,11,8,44,8476,Technical,Asoka
Simonis LLC,12/14/2021,34,8,46,7341,Social,Stronghold
Quitzon Group,10/23/2019,20,1,37,8962,Social,Duobam
"Jacobs, Lynch and Abernathy",6/2/2021,16,8,37,5753,Social,Domainer
Jacobi and Sons,10/16/2020,12,9,48,5698,Social,Tempsoft
Greenholt-Konopelski,7/1/2021,43,5,39,8600,Technical,Vagram
"Walker, Franecki and McDermott",2/24/2022,26,8,34,6879,Social,Gembucket
Anderson-Gleichner,9/7/2019,40,3,50,9499,Social,Pannier
"Dicki, Schumm and Schuppe",12/2/2020,46,7,48,5023,Technical,Sonair
Schimmel-Gleason,4/24/2019,47,7,33,5527,Social,Voltsillam
Will-Considine,11/1/2019,32,10,40,8901,Others,Mat Lam Tam
Koss-Crona,5/19/2020,24,5,32,6527,Social,Daltfresh
Schaefer Inc,3/2/2021,46,6,45,6774,Technical,Treeflex
Thompson and Sons,3/17/2022,36,4,43,9954,Social,Lotstring
Dibbert-Heaney,12/5/2019,49,3,35,6740,Technical,Job
Durgan and Sons,10/18/2020,23,9,31,3265,Technical,Cardguard
Wyman and Sons,6/6/2019,38,4,33,3958,Technical,Tres-Zap
Nienow-Emard,7/15/2021,45,3,38,6345,Others,Aerified
"Runte, Kreiger and Hills",6/6/2020,32,1,35,9401,Technical,Solarbreeze
O'Hara Inc,8/16/2019,42,10,43,7032,Technical,Wrapsafe
Kemmer-Witting,6/10/2020,20,6,37,3879,Others,Zamit
Bradtke-Huel,7/17/2021,23,1,49,7455,Technical,Cardguard
Jakubowski LLC,2/15/2022,11,3,31,5214,Others,Aerified
Sipes and Sons,8/19/2019,24,4,38,6704,Technical,Zaam-Dox
Konopelski and Sons,4/17/2019,32,9,35,5522,Others,Span
Ward Inc,4/21/2021,18,2,46,3862,Technical,Toughjoyfax
Muller-Dach,5/6/2019,19,6,37,3827,Social,Tampflex
"Feest, Jacobs and Stoltenberg",8/20/2021,42,5,37,5425,Others,Alphazap
"Kautzer, Bode and Williamson",9/17/2020,16,7,50,5883,Technical,Rank
Kihn-Hegmann,11/27/2021,12,1,45,5109,Others,Veribet
Anderson-Wyman,10/7/2021,50,2,36,6210,Social,Cardguard
"Luettgen, VonRueden and Kuvalis",10/18/2019,21,5,32,3897,Technical,Overhold
Lebsack Group,11/19/2021,37,5,40,7711,Others,Quo Lux
Schulist and Sons,12/19/2021,31,5,31,3505,Social,Konklab
Dare-Kris,4/6/2022,31,3,49,7446,Technical,It
"Prohaska, Feeney and Rippin",10/1/2020,20,9,49,6491,Others,Fix San
"Renner, Pfannerstill and Kuvalis",10/10/2021,26,2,40,3253,Others,Latlux
Dietrich-Ledner,12/25/2021,33,7,35,6480,Technical,Quo Lux
Collier-Buckridge,3/12/2022,10,1,37,8979,Others,Quo Lux
"Lueilwitz, Effertz and Cummerata",5/27/2020,29,8,35,4088,Others,Otcom
"Cole, Durgan and Krajcik",3/1/2020,42,3,47,8647,Social,Overhold
Wintheiser Group,6/23/2021,48,2,31,4516,Others,Fixflex
"Daugherty, Luettgen and Zieme",4/7/2021,36,6,44,4534,Technical,Zamit
"Herman, Skiles and Bahringer",12/15/2019,29,1,35,6872,Technical,Keylex
Greenholt-Vandervort,9/29/2019,10,7,31,7225,Technical,Keylex
Waelchi Inc,8/31/2019,40,5,48,8231,Social,Transcof
Stehr Inc,12/17/2021,43,6,34,8932,Social,Tempsoft
"Watsica, Green and Brakus",10/6/2020,16,3,40,7566,Technical,Veribet
Fay Group,1/27/2022,42,6,50,7212,Social,Stringtough
"Heathcote, Pfeffer and Konopelski",7/18/2019,37,5,45,7280,Others,Pannier
Flatley-Macejkovic,4/15/2021,20,5,37,6472,Technical,Temp
"Ryan, Quitzon and Batz",11/18/2021,21,1,34,5531,Technical,Biodex
Roob LLC,12/11/2021,38,8,45,5105,Others,Regrant
"Mayer, Bauch and Kerluke",4/15/2020,46,1,40,6590,Social,Home Ing
"Bergstrom, Heidenreich and Ziemann",12/24/2020,31,10,41,8985,Technical,Gembucket
"Metz, Koelpin and Glover",9/14/2019,45,6,34,3034,Social,Greenlam
Schneider-Weissnat,3/27/2021,10,5,49,8517,Technical,Solarbreeze
Schaden and Sons,5/19/2020,28,9,46,8026,Technical,Zoolab
Schinner-Nolan,6/1/2019,18,1,43,4357,Others,Ronstring
Bernhard Group,8/17/2021,29,5,49,6226,Others,Zathin
Feeney Group,5/6/2020,49,1,35,7501,Others,Temp
Gerhold-McLaughlin,6/24/2021,28,7,38,5109,Others,Holdlamis
Bergstrom-Auer,10/27/2020,13,5,34,6112,Others,Ronstring
"Hilpert, Jerde and Tillman",7/29/2019,15,3,35,5346,Others,Flexidy
Deckow and Sons,6/17/2021,41,8,47,4967,Social,Bitwolf
"Parisian, Mann and Hudson",3/30/2021,50,2,30,3531,Social,Voyatouch
"O'Conner, D'Amore and Medhurst",5/1/2019,26,9,42,4617,Others,It
Hodkiewicz Group,11/28/2020,49,8,41,7845,Social,Latlux
McDermott-Stehr,10/16/2021,14,6,43,6464,Others,Duobam
Okuneva-Kessler,2/12/2022,29,7,38,7402,Others,Daltfresh
Grady-Roberts,10/10/2020,12,2,47,4369,Others,It
Smith-Bayer,9/27/2021,34,10,48,8215,Technical,Hatity
Reilly Group,9/27/2021,42,10,35,3728,Social,Cardify
Greenholt-Stamm,2/3/2022,26,6,46,9441,Social,Y-Solowarm
Harber LLC,6/19/2019,39,2,44,8865,Social,Solarbreeze
"Gutmann, Hilpert and Kohler",6/2/2019,46,7,37,4132,Social,Ronstring
"Wyman, Funk and Dickens",9/30/2019,18,9,37,4238,Technical,Toughjoyfax
"Harber, O'Hara and Kling",9/24/2019,25,9,38,3084,Others,Matsoft
McClure-Stiedemann,8/17/2020,18,6,31,3497,Social,Aerified
"Hauck, Hudson and Emard",5/5/2019,38,4,43,8910,Technical,Keylex
Douglas Inc,7/4/2020,34,1,50,4056,Technical,Zathin
Macejkovic and Sons,1/10/2020,25,7,47,4489,Technical,Namfix
Blanda Inc,3/6/2021,18,6,45,4792,Technical,Flowdesk
Marquardt and Sons,8/24/2019,40,2,48,6686,Others,Sonsing
McClure-Murray,2/8/2022,22,6,47,9351,Social,Job
"Murphy, Krajcik and Rogahn",1/9/2021,49,7,33,6198,Social,Bitchip
McCullough-Bernhard,1/3/2022,21,3,38,9634,Technical,Fixflex
Hessel and Sons,8/30/2020,37,4,48,7093,Others,Sonsing
Towne-Block,5/20/2020,47,9,36,8776,Social,Tempsoft
Roob-Hilpert,6/19/2020,49,9,42,6607,Technical,Konklab
"Walker, Koepp and Lesch",5/12/2020,27,5,44,5624,Social,Pannier
Strosin-Bartoletti,11/19/2019,47,3,30,6492,Social,Alpha
Schowalter-Gaylord,2/20/2022,28,6,36,7959,Others,Alphazap
"Leannon, Durgan and Rau",5/24/2019,50,4,30,3751,Social,Tres-Zap
Grant LLC,1/19/2020,43,2,42,7149,Social,Prodder
"Dickens, Gorczany and Rogahn",5/14/2019,37,10,50,6548,Others,Treeflex
Robel-Gutkowski,7/10/2020,18,7,40,3155,Others,Solarbreeze
Okuneva-Wehner,4/21/2019,11,7,49,6686,Technical,Cookley
"Feeney, Nienow and Murphy",8/3/2021,12,6,46,6596,Others,Home Ing
"Sauer, Howell and Waelchi",3/22/2021,26,5,32,5163,Technical,Zathin
Emard and Sons,3/13/2020,25,8,40,8989,Social,Greenlam
"Reichert, Bogisich and Greenholt",10/27/2019,35,4,49,5022,Social,Matsoft
"Dach, Von and Gerlach",6/27/2021,24,3,48,5086,Others,Zoolab
Walter-Tromp,10/13/2020,33,3,38,4840,Others,Domainer
"Treutel, Torphy and Nienow",9/4/2019,28,9,41,7170,Social,Gembucket
Fahey-Goodwin,1/18/2020,45,3,40,8700,Others,Mat Lam Tam
"Beer, Wolff and Mitchell",12/25/2019,28,7,44,7701,Social,Flowdesk
Gorczany Inc,4/17/2019,23,1,46,3881,Social,Holdlamis
Prosacco Group,12/10/2019,21,9,34,5653,Others,Regrant
Boehm and Sons,7/4/2019,29,9,41,8197,Technical,Sub-Ex
"Terry, Sanford and Lang",5/24/2021,43,1,48,9247,Others,Lotlux
Satterfield-Tromp,3/30/2021,32,3,46,8574,Others,Temp
Feeney-Crona,11/14/2021,16,3,38,6768,Social,Bytecard
"Lowe, Hilll and Paucek",11/14/2019,43,8,34,8867,Social,Zathin
Strosin-Greenfelder,2/8/2021,24,4,36,4449,Technical,Sonsing
Pollich and Sons,2/14/2020,11,8,34,6053,Social,Viva
"Considine, Mante and Hickle",9/15/2019,12,8,34,4977,Technical,Wrapsafe
Will LLC,4/19/2021,17,2,46,3758,Social,Flowdesk
"Rosenbaum, Murray and Torphy",4/20/2019,49,6,48,3096,Others,Asoka
Kihn Inc,4/5/2020,35,7,41,9731,Others,Greenlam
Gibson-Altenwerth,7/27/2019,43,6,45,4010,Others,Domainer
Reynolds-Ortiz,7/25/2020,17,2,47,5565,Social,Transcof
Koss and Sons,1/31/2022,43,1,49,6970,Others,Opela
Barton LLC,3/9/2020,36,8,42,5181,Others,Zamit
Kulas-McGlynn,8/26/2020,43,7,45,6215,Social,Duobam
Stanton-Wiegand,7/9/2021,10,8,32,8719,Technical,Alpha
Oberbrunner-Bernier,4/3/2022,43,8,48,7440,Others,Asoka
"Rempel, Pfannerstill and Christiansen",3/3/2022,24,2,32,5926,Technical,Tempsoft
McCullough LLC,1/31/2020,33,3,47,9331,Technical,Y-Solowarm
Funk LLC,3/7/2022,50,2,37,7866,Social,Tempsoft
"Graham, Brakus and Carroll",2/22/2022,28,2,38,6002,Social,Treeflex
Tromp-Lueilwitz,8/22/2021,24,4,34,8648,Technical,Holdlamis
Stark-Swift,7/21/2021,34,9,40,8219,Technical,Otcom
Volkman Group,2/9/2021,14,8,38,3045,Others,Zontrax
Littel-Cartwright,1/5/2021,23,5,50,5179,Technical,Flowdesk
Hilll Group,11/29/2021,31,5,39,6603,Technical,Voyatouch
Kohler and Sons,11/4/2020,11,6,41,7060,Technical,Trippledex
Johns-Donnelly,8/24/2019,17,7,32,3308,Technical,Konklux
Ledner-Hegmann,3/31/2021,26,3,43,9921,Social,Y-Solowarm
Cremin LLC,5/9/2020,29,2,49,6451,Social,Bigtax
"Bergstrom, Erdman and Olson",4/10/2021,14,9,44,6109,Technical,Greenlam
Willms-Green,8/29/2020,46,9,45,8088,Others,Cardify
"Larkin, Torp and Maggio",8/7/2021,21,2,37,8981,Others,Voyatouch
Crona-Kub,1/7/2022,36,2,49,3148,Others,Y-find
Keebler-Jacobs,12/26/2019,43,4,49,7484,Social,Bamity
"Raynor, Kertzmann and Schiller",12/26/2020,24,5,35,4182,Social,Zontrax
Kihn LLC,6/12/2019,37,5,35,5942,Others,Namfix
O'Connell LLC,3/17/2022,28,9,50,5347,Technical,Zontrax
Kautzer and Sons,7/27/2019,44,6,46,8550,Social,It
"Quigley, Daniel and Monahan",3/5/2020,33,7,47,4505,Technical,Flowdesk
Marvin and Sons,12/23/2021,24,3,45,6789,Social,Zaam-Dox
Zieme Inc,11/22/2020,18,7,35,6098,Technical,Rank
"Gaylord, Russel and Macejkovic",2/5/2020,32,9,36,8915,Technical,Mat Lam Tam
Hahn Group,1/11/2022,41,10,31,4525,Social,Lotstring
Runte-Feeney,5/23/2021,34,3,35,8757,Social,Keylex
"Schmeler, Leannon and Prohaska",11/14/2019,10,5,48,3326,Technical,Stronghold
"Predovic, Wyman and Pollich",3/27/2020,25,6,50,7139,Social,Sub-Ex
Morar-Herzog,5/8/2020,44,6,48,6272,Social,It
Gaylord-Stark,7/26/2021,14,6,48,7855,Technical,Stim
Purdy LLC,6/8/2021,38,3,31,9887,Others,Job
"Kuhic, Heller and Bogisich",8/16/2021,29,5,46,7409,Social,Solarbreeze
Morar and Sons,6/2/2019,40,5,39,6571,Others,Mat Lam Tam
Stamm-Keeling,9/11/2019,31,7,38,5219,Technical,Daltfresh
Lockman-Wolf,8/5/2020,37,1,37,4779,Others,Mat Lam Tam
Deckow-Goldner,3/17/2022,26,8,37,6630,Technical,Stringtough
"Hilpert, Heidenreich and Labadie",6/30/2021,42,2,45,5228,Technical,Sonair
Smitham-Brown,9/4/2021,45,7,37,7314,Social,Sonair
"Grant, Schinner and Batz",1/17/2020,23,7,43,8131,Technical,Sonair
"Yundt, Schroeder and Hansen",11/20/2020,22,9,34,3420,Others,Tin
Balistreri-Koelpin,3/21/2020,32,10,48,8484,Social,Treeflex
Dare-Donnelly,11/4/2020,44,8,36,9772,Social,Viva
"Collins, Hane and Pouros",8/10/2021,31,8,49,6935,Technical,Voyatouch
Ortiz LLC,12/9/2021,13,5,45,4149,Technical,Temp
Altenwerth-Leannon,4/6/2021,43,8,33,7184,Technical,Bamity
"Terry, Gottlieb and Toy",12/12/2020,20,6,44,8600,Others,Tin
"Kirlin, Cormier and Kling",5/24/2021,41,1,31,5709,Technical,Tresom
Grady Group,10/13/2019,32,10,40,7070,Technical,It
Barrows Group,8/23/2019,50,5,39,8563,Social,Lotstring
Jones-McGlynn,7/29/2020,35,6,48,6900,Others,Zontrax
"Ruecker, Bernhard and Tremblay",1/22/2022,43,6,42,3173,Social,Regrant
"Nienow, O'Keefe and Hegmann",12/30/2021,43,7,31,8663,Technical,Daltfresh
Osinski Group,11/19/2021,44,8,41,3135,Others,Transcof
Wilkinson-Mraz,12/14/2020,49,1,31,3325,Others,Tres-Zap
Yost Group,8/9/2021,41,6,35,4405,Technical,Transcof
"Hodkiewicz, Mayert and Legros",5/18/2021,10,1,45,5029,Social,Quo Lux
Watsica-Jacobson,1/30/2020,21,4,43,3229,Technical,Alpha
Muller Group,6/7/2021,27,6,45,9028,Technical,Voyatouch
"Satterfield, Gutmann and Lebsack",1/31/2021,39,5,35,9282,Social,Lotlux
Kub Inc,6/21/2019,25,3,39,4847,Technical,Span
Jerde Inc,10/10/2021,32,5,49,6970,Technical,Veribet
Stanton Group,9/18/2021,48,6,36,8542,Social,Holdlamis
Ankunding-Lebsack,3/27/2021,10,2,41,9495,Others,Sonair
Howell Inc,8/24/2021,49,2,32,5936,Others,Lotlux
Wehner-Mitchell,10/5/2020,32,7,40,6664,Others,Rank
Kozey-Senger,7/6/2020,45,4,49,6238,Others,Quo Lux
Corwin-Von,3/9/2022,37,4,44,8196,Technical,Keylex
Abbott LLC,11/28/2020,10,10,34,9298,Others,Veribet
Powlowski LLC,5/19/2019,23,3,50,9445,Social,Wrapsafe
"Mohr, Langosh and Runolfsdottir",7/31/2019,30,4,39,7302,Others,Domainer
Daugherty Group,8/4/2021,17,9,36,4668,Technical,Stronghold
"Hintz, Macejkovic and O'Hara",6/10/2021,33,8,38,3008,Social,Andalax
Spencer LLC,12/15/2020,46,1,43,8076,Technical,Bamity
